Workbook

Sheet Team Members
A1: Enter the First Name of Each Team Member | E1: HOW TO USE: | F1: 1. File Menu --> Make a copy
A2: Abdullah Waleed bin Maneea | F2: 2. Save to one team member's Google drive
A3: Abdullah Yousef aldhayan | F3: 3. Share file with other team members
A4: Abdullah Ibrahim aloud | F4: 4. Edit First Names on this tab
A5: Fahad Ali alghubayshi | F5: 5. Add your team name to the name of this document
F6: 6. For each sprint, duplicate the sprint template and change the start date
E8: DOCUMENT HISTORY
E9: 46070 | F9: Created by Abdullah bin Maneea

Sheet Product Backlog
A1: Sprint Number | B1: User Story ID | C1: User Story Title | D1: Brief Description | E1: Additional Information | F1: Priority | G1: Status
A2: 1 | B2: US-01 | C2: Define Project Scope and Objectives | D2: As a team, we want to define the project scope and objectives so that all members share a clear understanding of what the system should achieve. | E2: Identify system boundaries, target users, and key goals. | F2: 3-low | G2: Done
A3: 1 | B3: US-02 | C3: Identify System Modules and Features | D3: As a team, we want to identify all system modules and features so that the product backlog is comprehensive and well-structured. | E3: Map features to modules: schedule management, reservations, reporting, auth. | F3: 2-medium | G3: Done
A4: 1 | B4: US-03 | C4: Create Product Backlog | D4: As a team, we want to create a complete product backlog so that all user stories are listed, prioritized, and ready for sprint planning. | E4: Each story must have an ID, title, description, priority, and sprint assignment. | F4: 1-high | G4: Done
A5: 1 | B5: US-04 | C5: Estimate Effort for User Stories | D5: As a team, we want to estimate the effort for each user story so that sprint planning is based on realistic workload. | E5: Assign expected hours to each story; use team consensus. | F5: 2-medium | G5: Done
A6: 1 | B6: US-05 | C6: Assign Team Roles and Responsibilities | D6: As a team, we want to assign roles to each member so that responsibilities are clear throughout the project. | E6: Define who leads which module; assign Scrum Master and note-taker. | F6: 1-high | G6: Done
A7: 1 | B7: US-06 | C7: Set Up Sprint Sheet and Scrum Template | D7: As a team, we want to set up the Scrum Excel template so that sprint tracking is ready from the start. | E7: Fill in team members, sprint dates, tasks, and hours in the template. | F7: 2-medium | G7: Done
A8: 1 | B8: US-07 | C8: Document Team Meetings | D8: As a team, we want to document all group meetings so that progress, decisions, and roadblocks are recorded. | E8: Each meeting entry: date, attendees, agenda, decisions made, next steps. | F8: 3-low | G8: Done
A9: 1 | B9: US-08 | C9: Write Project Initiation Report | D9: As a team, we want to write the Phase 1 report so that the project vision, scope, and backlog are formally documented. | E9: Includes cover page, scope, objectives, target audience, and backlog summary. | F9: 3-low | G9: Done
A10: 2 | B10: US-09 | C10: Draw Use Case and Sequence Diagrams | D10: As a team, we want to produce use case and sequence diagrams so that system interactions are clearly modeled. | E10: Cover: schedule creation, ticket reservation, cancellation flows. | F10: 3-low | G10: Done
A11: 2 | B11: US-10 | C11: Draw Class and Activity Diagrams | D11: As a team, we want to produce class and activity diagrams so that the system structure and logic are documented. | E11: Class diagram covers all entities and relationships; activity covers reservation process. | F11: 3-low | G11: Done
A12: 2 | B12: US-11 | C12: Define Architectural Design and Pattern | D12: As a team, we want to define and justify the system architecture so that components and interactions are clearly structured. | E12: Select MVC or Layered Architecture; define components; include architecture diagram. | F12: 2-medium | G12: Done
A13: 2 | B13: US-12 | C13: Implement Train Schedule Management | D13: As an admin, I want to create, update, and delete train schedules so that upcoming trips are accurately maintained. | E13: Fields: train ID, route, origin, destination, departure/arrival time, price, capacity. Soft-delete; log changes. | F13: 2-medium | G13: Done
... A29: 3 | B29: US-28 | C29: Deliver Final Presentation | D29: As a team, we want to deliver a PowerPoint presentation covering all sprints so that our work is demonstrated. | E29: Every member must present and highlight their role in the project. | F29: 2-medium | G29: Done

Sheet Sprint #1
A1: User Story ID | B1: Task | C1: Expected Hours | D1: Actual Hours | E1: Person | F1: Status | G1: Date Completed | Q1: Chart Dates | R1: Completed Hours On Date | S1: Current Completed Work | T1: Current Remaining Work | U1: Ideal Remaining Work
A2: US-01 | B2: Define project scope, objectives, and target audience | C2: 2 | D2: 2 | E2: Abdullah Yousef aldhayan | F2: Done | G2: 46072 | I2: Sprint Number: | J2: 1 | L2: Person | M2: Hours Assigned | N2: Hours Completed | O2: Percentage Complete | Q2: =J3 -> 46072 | R2: =SUMIFS($C$2:$C$100,$G$2:$G$100,Q2,$F$2:$F$100,"Done") -> 2 | S2: =R2 -> 2 | T2: =IF(AND(ISNUMBER(Q2),Q2<=TODAY()),$M$10-S2,"") -> 37 | U2: =$M$10 -> 39
A3: US-08 | B3: Write Phase 1 initiation report (cover page, scope, vision) | C3: 3 | D3: 2 | E3: Abdullah Yousef aldhayan | F3: Done | G3: 46074 | I3: Start Date: | J3: 46072 | L3: ='Team Members'!A2 -> Abdullah Waleed bin Maneea | M3: =SUMIF($E$2:$E$100,L3,$C$2:$C$100) -> 13 | N3: =SUMIFS($C$2:$C$100, $E$2:$E$100,L3,$F$2:$F$100,"Done" ) -> 13 | O3: =IFERROR(N3/M3, 0) -> 1 | Q3: =IF(ISNUMBER(Q2),IF(Q2-$J$3<$J$4,Q2+1,""),"") -> 46073 | R3: =SUMIFS($C$2:$C$100,$G$2:$G$100,Q3,$F$2:$F$100,"Done") -> 0 | S3: =SUM($R$2:R3) -> 2 | T3: =IF(AND(ISNUMBER(Q3),Q3<=TODAY()),$M$10-S3,"") -> 37 | U3: =IF(ISNUMBER(Q3),MAX(U2-$J$5,0),"") -> 36.214286
A4: US-02 | B4: Identify system modules and map features to each module | C4: 4 | D4: 3 | E4: Abdullah Yousef aldhayan | F4: Done | G4: 46075 | I4: Sprint Length | J4: 14 | L4: ='Team Members'!A3 -> Abdullah Yousef aldhayan | M4: =SUMIF($E$2:$E$100,L4,$C$2:$C$100) -> 9 | N4: =SUMIFS($C$2:$C$100, $E$2:$E$100,L4,$F$2:$F$100,"Done" ) -> 9 | O4: =IFERROR(N4/M4, 0) -> 1 | Q4: =IF(ISNUMBER(Q3),IF(Q3-$J$3<$J$4,Q3+1,""),"") -> 46074 | R4: =SUMIFS($C$2:$C$100,$G$2:$G$100,Q4,$F$2:$F$100,"Done") -> 3 | S4: =SUM($R$2:R4) -> 5 | T4: =IF(AND(ISNUMBER(Q4),Q4<=TODAY()),$M$10-S4,"") -> 34 | U4: =IF(ISNUMBER(Q4),MAX(U3-$J$5,0),"") -> 33.428571
A5: US-07 | B5: Document all team meetings (date, agenda, decisions, next steps) | C5: 3 | D5: 3 | E5: Abdullah Waleed bin Maneea | F5: Done | G5: 46077 | I5: Hours Per Day: | J5: =SUM($C$2:$C$100)/$J$4 -> 2.7857143 | L5: ='Team Members'!A4 -> Abdullah Ibrahim aloud | M5: =SUMIF($E$2:$E$100,L5,$C$2:$C$100) -> 11 | N5: =SUMIFS($C$2:$C$100, $E$2:$E$100,L5,$F$2:$F$100,"Done" ) -> 11 | O5: =IFERROR(N5/M5, 0) -> 1 | Q5: =IF(ISNUMBER(Q4),IF(Q4-$J$3<$J$4,Q4+1,""),"") -> 46075 | R5: =SUMIFS($C$2:$C$100,$G$2:$G$100,Q5,$F$2:$F$100,"Done") -> 4 | S5: =SUM($R$2:R5) -> 9 | T5: =IF(AND(ISNUMBER(Q5),Q5<=TODAY()),$M$10-S5,"") -> 30 | U5: =IF(ISNUMBER(Q5),MAX(U4-$J$5,0),"") -> 30.642857
A6: US-03 | B6: Create full product backlog with IDs, priorities, sprint assignment | C6: 6 | D6: 8 | E6: Abdullah Waleed bin Maneea | F6: Done | G6: 46078 | L6: ='Team Members'!A5 -> Fahad Ali alghubayshi | M6: =SUMIF($E$2:$E$100,L6,$C$2:$C$100) -> 6 | N6: =SUMIFS($C$2:$C$100, $E$2:$E$100,L6,$F$2:$F$100,"Done" ) -> 6 | O6: =IFERROR(N6/M6, 0) -> 1 | Q6: =IF(ISNUMBER(Q5),IF(Q5-$J$3<$J$4,Q5+1,""),"") -> 46076 | R6: =SUMIFS($C$2:$C$100,$G$2:$G$100,Q6,$F$2:$F$100,"Done") -> 0 | S6: =SUM($R$2:R6) -> 9 | T6: =IF(AND(ISNUMBER(Q6),Q6<=TODAY()),$M$10-S6,"") -> 30 | U6: =IF(ISNUMBER(Q6),MAX(U5-$J$5,0),"") -> 27.857143
A7: US-04 | B7: Estimate effort (expected hours) for all user stories | C7: 6 | D7: 6 | E7: Fahad Ali alghubayshi | F7: Done | G7: 46080 | Q7: =IF(ISNUMBER(Q6),IF(Q6-$J$3<$J$4,Q6+1,""),"") -> 46077 | R7: =SUMIFS($C$2:$C$100,$G$2:$G$100,Q7,$F$2:$F$100,"Done") -> 3 | S7: =SUM($R$2:R7) -> 12 | T7: =IF(AND(ISNUMBER(Q7),Q7<=TODAY()),$M$10-S7,"") -> 27 | U7: =IF(ISNUMBER(Q7),MAX(U6-$J$5,0),"") -> 25.071429
A8: US-05 | B8: Assign team roles and responsibilities to each member | C8: 4 | D8: 4 | E8: Abdullah Waleed bin Maneea | F8: Done | G8: 46082 | Q8: =IF(ISNUMBER(Q7),IF(Q7-$J$3<$J$4,Q7+1,""),"") -> 46078 | R8: =SUMIFS($C$2:$C$100,$G$2:$G$100,Q8,$F$2:$F$100,"Done") -> 6 | S8: =SUM($R$2:R8) -> 18 | T8: =IF(AND(ISNUMBER(Q8),Q8<=TODAY()),$M$10-S8,"") -> 21 | U8: =IF(ISNUMBER(Q8),MAX(U7-$J$5,0),"") -> 22.285714
A9: US-06 | B9: Set up Scrum Excel template: members, dates, tasks, hours | C9: 6 | D9: 7 | E9: Abdullah Ibrahim aloud | F9: Done | G9: 46083 | Q9: =IF(ISNUMBER(Q8),IF(Q8-$J$3<$J$4,Q8+1,""),"") -> 46079 | R9: =SUMIFS($C$2:$C$100,$G$2:$G$100,Q9,$F$2:$F$100,"Done") -> 0 | S9: =SUM($R$2:R9) -> 18 | T9: =IF(AND(ISNUMBER(Q9),Q9<=TODAY()),$M$10-S9,"") -> 21 | U9: =IF(ISNUMBER(Q9),MAX(U8-$J$5,0),"") -> 19.5
A10: US-03 | B10: Create Sprint 1 with IDs, Tasks, Names, Estimated Hours | C10: 5 | D10: 5 | E10: Abdullah Ibrahim aloud | F10: Done | G10: 46085 | L10: Total: | M10: =SUM(M3:M6) -> 39 | N10: =SUM(N3:N6) -> 39 | O10: =IFERROR(N10/M10, 0) -> 1 | Q10: =IF(ISNUMBER(Q9),IF(Q9-$J$3<$J$4,Q9+1,""),"") -> 46080 | R10: =SUMIFS($C$2:$C$100,$G$2:$G$100,Q10,$F$2:$F$100,"Done") -> 6 | S10: =SUM($R$2:R10) -> 24 | T10: =IF(AND(ISNUMBER(Q10),Q10<=TODAY()),$M$10-S10,"") -> 15 | U10: =IF(ISNUMBER(Q10),MAX(U9-$J$5,0),"") -> 16.714286
Q11: =IF(ISNUMBER(Q10),IF(Q10-$J$3<$J$4,Q10+1,""),"") -> 46081 | R11: =SUMIFS($C$2:$C$100,$G$2:$G$100,Q11,$F$2:$F$100,"Done") -> 0 | S11: =SUM($R$2:R11) -> 24 | T11: =IF(AND(ISNUMBER(Q11),Q11<=TODAY()),$M$10-S11,"") -> 15 | U11: =IF(ISNUMBER(Q11),MAX(U10-$J$5,0),"") -> 13.928571
Q12: =IF(ISNUMBER(Q11),IF(Q11-$J$3<$J$4,Q11+1,""),"") -> 46082 | R12: =SUMIFS($C$2:$C$100,$G$2:$G$100,Q12,$F$2:$F$100,"Done") -> 4 | S12: =SUM($R$2:R12) -> 28 | T12: =IF(AND(ISNUMBER(Q12),Q12<=TODAY()),$M$10-S12,"") -> 11 | U12: =IF(ISNUMBER(Q12),MAX(U11-$J$5,0),"") -> 11.142857
Q13: =IF(ISNUMBER(Q12),IF(Q12-$J$3<$J$4,Q12+1,""),"") -> 46083 | R13: =SUMIFS($C$2:$C$100,$G$2:$G$100,Q13,$F$2:$F$100,"Done") -> 6 | S13: =SUM($R$2:R13) -> 34 | T13: =IF(AND(ISNUMBER(Q13),Q13<=TODAY()),$M$10-S13,"") -> 5 | U13: =IF(ISNUMBER(Q13),MAX(U12-$J$5,0),"") -> 8.3571429
Q14: =IF(ISNUMBER(Q13),IF(Q13-$J$3<$J$4,Q13+1,""),"") -> 46084 | R14: =SUMIFS($C$2:$C$100,$G$2:$G$100,Q14,$F$2:$F$100,"Done") -> 0 | S14: =SUM($R$2:R14) -> 34 | T14: =IF(AND(ISNUMBER(Q14),Q14<=TODAY()),$M$10-S14,"") -> 5 | U14: =IF(ISNUMBER(Q14),MAX(U13-$J$5,0),"") -> 5.5714286
Q15: =IF(ISNUMBER(Q14),IF(Q14-$J$3<$J$4,Q14+1,""),"") -> 46085 | R15: =SUMIFS($C$2:$C$100,$G$2:$G$100,Q15,$F$2:$F$100,"Done") -> 5 | S15: =SUM($R$2:R15) -> 39 | T15: =IF(AND(ISNUMBER(Q15),Q15<=TODAY()),$M$10-S15,"") -> 0 | U15: =IF(ISNUMBER(Q15),MAX(U14-$J$5,0),"") -> 2.7857143
Q16: =IF(ISNUMBER(Q15),IF(Q15-$J$3<$J$4,Q15+1,""),"") -> 46086 | R16: =SUMIFS($C$2:$C$100,$G$2:$G$100,Q16,$F$2:$F$100,"Done") -> 0 | S16: =SUM($R$2:R16) -> 39 | T16: =IF(AND(ISNUMBER(Q16),Q16<=TODAY()),$M$10-S16,"") -> 0 | U16: =IF(ISNUMBER(Q16),MAX(U15-$J$5,0),"") -> 0
Q17: =IF(ISNUMBER(Q16),IF(Q16-$J$3<$J$4,Q16+1,""),"") | R17: =SUMIFS($C$2:$C$100,$G$2:$G$100,Q17,$F$2:$F$100,"Done") -> 0 | S17: =SUM($R$2:R17) -> 39 | T17: =IF(AND(ISNUMBER(Q17),Q17<=TODAY()),$M$10-S17,"") | U17: =IF(ISNUMBER(Q17),MAX(U16-$J$5,0),"")
Q18: =IF(ISNUMBER(Q17),IF(Q17-$J$3<$J$4,Q17+1,""),"") | R18: =SUMIFS($C$2:$C$100,$G$2:$G$100,Q18,$F$2:$F$100,"Done") -> 0 | S18: =SUM($R$2:R18) -> 39 | T18: =IF(AND(ISNUMBER(Q18),Q18<=TODAY()),$M$10-S18,"") | U18: =IF(ISNUMBER(Q18),MAX(U17-$J$5,0),"")
Q19: =IF(ISNUMBER(Q18),IF(Q18-$J$3<$J$4,Q18+1,""),"") | R19: =SUMIFS($C$2:$C$100,$G$2:$G$100,Q19,$F$2:$F$100,"Done") -> 0 | S19: =SUM($R$2:R19) -> 39 | T19: =IF(AND(ISNUMBER(Q19),Q19<=TODAY()),$M$10-S19,"") | U19: =IF(ISNUMBER(Q19),MAX(U18-$J$5,0),"")
Q20: =IF(ISNUMBER(Q19),IF(Q19-$J$3<$J$4,Q19+1,""),"") | R20: =SUMIFS($C$2:$C$100,$G$2:$G$100,Q20,$F$2:$F$100,"Done") -> 0 | S20: =SUM($R$2:R20) -> 39 | T20: =IF(AND(ISNUMBER(Q20),Q20<=TODAY()),$M$10-S20,"") | U20: =IF(ISNUMBER(Q20),MAX(U19-$J$5,0),"")
Q21: =IF(ISNUMBER(Q20),IF(Q20-$J$3<$J$4,Q20+1,""),"") | R21: =SUMIFS($C$2:$C$100,$G$2:$G$100,Q21,$F$2:$F$100,"Done") -> 0 | S21: =SUM($R$2:R21) -> 39 | T21: =IF(AND(ISNUMBER(Q21),Q21<=TODAY()),$M$10-S21,"") | U21: =IF(ISNUMBER(Q21),MAX(U20-$J$5,0),"")
Q22: =IF(ISNUMBER(Q21),IF(Q21-$J$3<$J$4,Q21+1,""),"") | R22: =SUMIFS($C$2:$C$100,$G$2:$G$100,Q22,$F$2:$F$100,"Done") -> 0 | S22: =SUM($R$2:R22) -> 39 | T22: =IF(AND(ISNUMBER(Q22),Q22<=TODAY()),$M$10-S22,"") | U22: =IF(ISNUMBER(Q22),MAX(U21-$J$5,0),"")
... Q100: =IF(ISNUMBER(Q99),IF(Q99-$J$3<$J$4,Q99+1,""),"") | R100: =SUMIFS($C$2:$C$100,$G$2:$G$100,Q100,$F$2:$F$100,"Done") -> 0 | S100: =SUM($R$2:R100) -> 39 | T100: =IF(AND(ISNUMBER(Q100),Q100<=TODAY()),$M$10-S100,"") | U100: =IF(ISNUMBER(Q100),MAX(U99-$J$5,0),"")

Sheet Lists
A1: Abdullah Waleed bin Maneea | B1: To Do
A2: Abdullah Yousef aldhayan | B2: In Progress
A3: Abdullah Ibrahim aloud | B3: Done
A4: Fahad Ali alghubayshi

Sheet Sprint #2
A1: User Story ID | B1: Task | C1: Expected Hours | D1: Actual Hours | E1: Person | F1: Status | G1: Date Completed | Q1: Chart Dates | R1: Completed Hours On Date | S1: Current Completed Work | T1: Current Remaining Work | U1: Ideal Remaining Work
A2: US-09 | B2: Draw use case and sequence diagrams for main system flows | C2: 8 | D2: 4 | E2: Abdullah Ibrahim aloud | F2: Done | G2: 46086 | I2: Sprint Number: | J2: 2 | L2: Person | M2: Hours Assigned | N2: Hours Completed | O2: Percentage Complete | Q2: =J3 -> 46086 | R2: =SUMIFS($C$2:$C$100,$G$2:$G$100,Q2,$F$2:$F$100,"Done") -> 8 | S2: =R2 -> 8 | T2: =IF(AND(ISNUMBER(Q2),Q2<=TODAY()),$M$10-S2,"") -> 58 | U2: =$M$10 -> 66
A3: US-12 | B3: Implement train schedule CRUD (create, update, soft-delete) | C3: 10 | D3: 10 | E3: Abdullah Yousef aldhayan | F3: Done | G3: 46088 | I3: Start Date: | J3: 46086 | L3: ='Team Members'!A2 -> Abdullah Waleed bin Maneea | M3: =SUMIF($E$2:$E$100,L3,$C$2:$C$100) -> 14 | N3: =SUMIFS($C$2:$C$100, $E$2:$E$100,L3,$F$2:$F$100,"Done" ) -> 14 | O3: =IFERROR(N3/M3, 0) -> 1 | Q3: =IF(ISNUMBER(Q2),IF(Q2-$J$3<$J$4,Q2+1,""),"") -> 46087 | R3: =SUMIFS($C$2:$C$100,$G$2:$G$100,Q3,$F$2:$F$100,"Done") -> 0 | S3: =SUM($R$2:R3) -> 8 | T3: =IF(AND(ISNUMBER(Q3),Q3<=TODAY()),$M$10-S3,"") -> 58 | U3: =IF(ISNUMBER(Q3),MAX(U2-$J$5,0),"") -> 61.285714
A4: US-10 | B4: Draw class diagram and activity diagram for reservation process | C4: 8 | D4: 8 | E4: Fahad Ali alghubayshi | F4: Done | G4: 46090 | I4: Sprint Length | J4: 14 | L4: ='Team Members'!A3 -> Abdullah Yousef aldhayan | M4: =SUMIF($E$2:$E$100,L4,$C$2:$C$100) -> 36 | N4: =SUMIFS($C$2:$C$100, $E$2:$E$100,L4,$F$2:$F$100,"Done" ) -> 36 | O4: =IFERROR(N4/M4, 0) -> 1 | Q4: =IF(ISNUMBER(Q3),IF(Q3-$J$3<$J$4,Q3+1,""),"") -> 46088 | R4: =SUMIFS($C$2:$C$100,$G$2:$G$100,Q4,$F$2:$F$100,"Done") -> 10 | S4: =SUM($R$2:R4) -> 18 | T4: =IF(AND(ISNUMBER(Q4),Q4<=TODAY()),$M$10-S4,"") -> 48 | U4: =IF(ISNUMBER(Q4),MAX(U3-$J$5,0),"") -> 56.571429
A5: US-13 | B5: Implement route and time definition with multi-stop support | C5: 8 | D5: 8 | E5: Abdullah Yousef aldhayan | F5: Done | G5: 46092 | I5: Hours Per Day: | J5: =SUM($C$2:$C$100)/$J$4 -> 4.7142857 | L5: ='Team Members'!A4 -> Abdullah Ibrahim aloud | M5: =SUMIF($E$2:$E$100,L5,$C$2:$C$100) -> 8 | N5: =SUMIFS($C$2:$C$100, $E$2:$E$100,L5,$F$2:$F$100,"Done" ) -> 8 | O5: =IFERROR(N5/M5, 0) -> 1 | Q5: =IF(ISNUMBER(Q4),IF(Q4-$J$3<$J$4,Q4+1,""),"") -> 46089 | R5: =SUMIFS($C$2:$C$100,$G$2:$G$100,Q5,$F$2:$F$100,"Done") -> 0 | S5: =SUM($R$2:R5) -> 18 | T5: =IF(AND(ISNUMBER(Q5),Q5<=TODAY()),$M$10-S5,"") -> 48 | U5: =IF(ISNUMBER(Q5),MAX(U4-$J$5,0),"") -> 51.857143
A6: US-11 | B6: Define system architecture (MVC), components, and diagram | C6: 8 | D6: 8 | E6: Abdullah Waleed bin Maneea | F6: Done | G6: 46093 | L6: ='Team Members'!A5 -> Fahad Ali alghubayshi | M6: =SUMIF($E$2:$E$100,L6,$C$2:$C$100) -> 8 | N6: =SUMIFS($C$2:$C$100, $E$2:$E$100,L6,$F$2:$F$100,"Done" ) -> 8 | O6: =IFERROR(N6/M6, 0) -> 1 | Q6: =IF(ISNUMBER(Q5),IF(Q5-$J$3<$J$4,Q5+1,""),"") -> 46090 | R6: =SUMIFS($C$2:$C$100,$G$2:$G$100,Q6,$F$2:$F$100,"Done") -> 8 | S6: =SUM($R$2:R6) -> 26 | T6: =IF(AND(ISNUMBER(Q6),Q6<=TODAY()),$M$10-S6,"") -> 40 | U6: =IF(ISNUMBER(Q6),MAX(U5-$J$5,0),"") -> 47.142857
A7: US-15 | B7: Implement passenger profile management (register, edit, delete) | C7: 8 | D7: 8 | E7: Abdullah Yousef aldhayan | F7: Done | G7: 46095 | Q7: =IF(ISNUMBER(Q6),IF(Q6-$J$3<$J$4,Q6+1,""),"") -> 46091 | R7: =SUMIFS($C$2:$C$100,$G$2:$G$100,Q7,$F$2:$F$100,"Done") -> 0 | S7: =SUM($R$2:R7) -> 26 | T7: =IF(AND(ISNUMBER(Q7),Q7<=TODAY()),$M$10-S7,"") -> 40 | U7: =IF(ISNUMBER(Q7),MAX(U6-$J$5,0),"") -> 42.428571
A8: US-16 | B8: Implement secure login and RBAC (admin/staff roles) | C8: 10 | D8: 10 | E8: Abdullah Yousef aldhayan | F8: Done | G8: 46097 | Q8: =IF(ISNUMBER(Q7),IF(Q7-$J$3<$J$4,Q7+1,""),"") -> 46092 | R8: =SUMIFS($C$2:$C$100,$G$2:$G$100,Q8,$F$2:$F$100,"Done") -> 8 | S8: =SUM($R$2:R8) -> 34 | T8: =IF(AND(ISNUMBER(Q8),Q8<=TODAY()),$M$10-S8,"") -> 32 | U8: =IF(ISNUMBER(Q8),MAX(U7-$J$5,0),"") -> 37.714286
A9: US-17 | B9: Submit initial implementation: working code + screenshot in report | C9: 6 | D9: 6 | E9: Abdullah Waleed bin Maneea | F9: Done | G9: 46099 | Q9: =IF(ISNUMBER(Q8),IF(Q8-$J$3<$J$4,Q8+1,""),"") -> 46093 | R9: =SUMIFS($C$2:$C$100,$G$2:$G$100,Q9,$F$2:$F$100,"Done") -> 8 | S9: =SUM($R$2:R9) -> 42 | T9: =IF(AND(ISNUMBER(Q9),Q9<=TODAY()),$M$10-S9,"") -> 24 | U9: =IF(ISNUMBER(Q9),MAX(U8-$J$5,0),"") -> 33
L10: Total: | M10: =SUM(M3:M6) -> 66 | N10: =SUM(N3:N6) -> 66 | O10: =IFERROR(N10/M10, 0) -> 1 | Q10: =IF(ISNUMBER(Q9),IF(Q9-$J$3<$J$4,Q9+1,""),"") -> 46094 | R10: =SUMIFS($C$2:$C$100,$G$2:$G$100,Q10,$F$2:$F$100,"Done") -> 0 | S10: =SUM($R$2:R10) -> 42 | T10: =IF(AND(ISNUMBER(Q10),Q10<=TODAY()),$M$10-S10,"") -> 24 | U10: =IF(ISNUMBER(Q10),MAX(U9-$J$5,0),"") -> 28.285714
Q11: =IF(ISNUMBER(Q10),IF(Q10-$J$3<$J$4,Q10+1,""),"") -> 46095 | R11: =SUMIFS($C$2:$C$100,$G$2:$G$100,Q11,$F$2:$F$100,"Done") -> 8 | S11: =SUM($R$2:R11) -> 50 | T11: =IF(AND(ISNUMBER(Q11),Q11<=TODAY()),$M$10-S11,"") -> 16 | U11: =IF(ISNUMBER(Q11),MAX(U10-$J$5,0),"") -> 23.571429
Q12: =IF(ISNUMBER(Q11),IF(Q11-$J$3<$J$4,Q11+1,""),"") -> 46096 | R12: =SUMIFS($C$2:$C$100,$G$2:$G$100,Q12,$F$2:$F$100,"Done") -> 0 | S12: =SUM($R$2:R12) -> 50 | T12: =IF(AND(ISNUMBER(Q12),Q12<=TODAY()),$M$10-S12,"") -> 16 | U12: =IF(ISNUMBER(Q12),MAX(U11-$J$5,0),"") -> 18.857143
Q13: =IF(ISNUMBER(Q12),IF(Q12-$J$3<$J$4,Q12+1,""),"") -> 46097 | R13: =SUMIFS($C$2:$C$100,$G$2:$G$100,Q13,$F$2:$F$100,"Done") -> 10 | S13: =SUM($R$2:R13) -> 60 | T13: =IF(AND(ISNUMBER(Q13),Q13<=TODAY()),$M$10-S13,"") -> 6 | U13: =IF(ISNUMBER(Q13),MAX(U12-$J$5,0),"") -> 14.142857
Q14: =IF(ISNUMBER(Q13),IF(Q13-$J$3<$J$4,Q13+1,""),"") -> 46098 | R14: =SUMIFS($C$2:$C$100,$G$2:$G$100,Q14,$F$2:$F$100,"Done") -> 0 | S14: =SUM($R$2:R14) -> 60 | T14: =IF(AND(ISNUMBER(Q14),Q14<=TODAY()),$M$10-S14,"") -> 6 | U14: =IF(ISNUMBER(Q14),MAX(U13-$J$5,0),"") -> 9.4285714
Q15: =IF(ISNUMBER(Q14),IF(Q14-$J$3<$J$4,Q14+1,""),"") -> 46099 | R15: =SUMIFS($C$2:$C$100,$G$2:$G$100,Q15,$F$2:$F$100,"Done") -> 6 | S15: =SUM($R$2:R15) -> 66 | T15: =IF(AND(ISNUMBER(Q15),Q15<=TODAY()),$M$10-S15,"") -> 0 | U15: =IF(ISNUMBER(Q15),MAX(U14-$J$5,0),"") -> 4.7142857
Q16: =IF(ISNUMBER(Q15),IF(Q15-$J$3<$J$4,Q15+1,""),"") -> 46100 | R16: =SUMIFS($C$2:$C$100,$G$2:$G$100,Q16,$F$2:$F$100,"Done") -> 0 | S16: =SUM($R$2:R16) -> 66 | T16: =IF(AND(ISNUMBER(Q16),Q16<=TODAY()),$M$10-S16,"") -> 0 | U16: =IF(ISNUMBER(Q16),MAX(U15-$J$5,0),"") -> 0
Q17: =IF(ISNUMBER(Q16),IF(Q16-$J$3<$J$4,Q16+1,""),"") | R17: =SUMIFS($C$2:$C$100,$G$2:$G$100,Q17,$F$2:$F$100,"Done") -> 0 | S17: =SUM($R$2:R17) -> 66 | T17: =IF(AND(ISNUMBER(Q17),Q17<=TODAY()),$M$10-S17,"") | U17: =IF(ISNUMBER(Q17),MAX(U16-$J$5,0),"")
Q18: =IF(ISNUMBER(Q17),IF(Q17-$J$3<$J$4,Q17+1,""),"") | R18: =SUMIFS($C$2:$C$100,$G$2:$G$100,Q18,$F$2:$F$100,"Done") -> 0 | S18: =SUM($R$2:R18) -> 66 | T18: =IF(AND(ISNUMBER(Q18),Q18<=TODAY()),$M$10-S18,"") | U18: =IF(ISNUMBER(Q18),MAX(U17-$J$5,0),"")
Q19: =IF(ISNUMBER(Q18),IF(Q18-$J$3<$J$4,Q18+1,""),"") | R19: =SUMIFS($C$2:$C$100,$G$2:$G$100,Q19,$F$2:$F$100,"Done") -> 0 | S19: =SUM($R$2:R19) -> 66 | T19: =IF(AND(ISNUMBER(Q19),Q19<=TODAY()),$M$10-S19,"") | U19: =IF(ISNUMBER(Q19),MAX(U18-$J$5,0),"")
Q20: =IF(ISNUMBER(Q19),IF(Q19-$J$3<$J$4,Q19+1,""),"") | R20: =SUMIFS($C$2:$C$100,$G$2:$G$100,Q20,$F$2:$F$100,"Done") -> 0 | S20: =SUM($R$2:R20) -> 66 | T20: =IF(AND(ISNUMBER(Q20),Q20<=TODAY()),$M$10-S20,"") | U20: =IF(ISNUMBER(Q20),MAX(U19-$J$5,0),"")
Q21: =IF(ISNUMBER(Q20),IF(Q20-$J$3<$J$4,Q20+1,""),"") | R21: =SUMIFS($C$2:$C$100,$G$2:$G$100,Q21,$F$2:$F$100,"Done") -> 0 | S21: =SUM($R$2:R21) -> 66 | T21: =IF(AND(ISNUMBER(Q21),Q21<=TODAY()),$M$10-S21,"") | U21: =IF(ISNUMBER(Q21),MAX(U20-$J$5,0),"")
Q22: =IF(ISNUMBER(Q21),IF(Q21-$J$3<$J$4,Q21+1,""),"") | R22: =SUMIFS($C$2:$C$100,$G$2:$G$100,Q22,$F$2:$F$100,"Done") -> 0 | S22: =SUM($R$2:R22) -> 66 | T22: =IF(AND(ISNUMBER(Q22),Q22<=TODAY()),$M$10-S22,"") | U22: =IF(ISNUMBER(Q22),MAX(U21-$J$5,0),"")
... Q100: =IF(ISNUMBER(Q99),IF(Q99-$J$3<$J$4,Q99+1,""),"") | R100: =SUMIFS($C$2:$C$100,$G$2:$G$100,Q100,$F$2:$F$100,"Done") -> 0 | S100: =SUM($R$2:R100) -> 66 | T100: =IF(AND(ISNUMBER(Q100),Q100<=TODAY()),$M$10-S100,"") | U100: =IF(ISNUMBER(Q100),MAX(U99-$J$5,0),"")

Sheet Sprint #3
A1: User Story ID | B1: Task | C1: Expected Hours | D1: Actual Hours | E1: Person | F1: Status | G1: Date Completed | Q1: Chart Dates | R1: Completed Hours On Date | S1: Current Completed Work | T1: Current Remaining Work | U1: Ideal Remaining Work
A2: US-18 | B2: Implement ticket reservation, seat validation, auto seat update | C2: 10 | D2: 10 | E2: Abdullah Waleed bin Maneea | F2: Done | G2: 46100 | I2: Sprint Number: | J2: 3 | L2: Person | M2: Hours Assigned | N2: Hours Completed | O2: Percentage Complete | Q2: =J3 -> 46100 | R2: =SUMIFS($C$2:$C$100,$G$2:$G$100,Q2,$F$2:$F$100,"Done") -> 10 | S2: =R2 -> 10 | T2: =IF(AND(ISNUMBER(Q2),Q2<=TODAY()),$M$10-S2,"") -> 88 | U2: =$M$10 -> 98
A3: US-21 | B3: Implement admin dashboard (summary stats, occupancy rates) | C3: 8 | D3: 8 | E3: Abdullah Waleed bin Maneea | F3: Done | G3: 46101 | I3: Start Date: | J3: 46100 | L3: ='Team Members'!A2 -> Abdullah Waleed bin Maneea | M3: =SUMIF($E$2:$E$100,L3,$C$2:$C$100) -> 26 | N3: =SUMIFS($C$2:$C$100, $E$2:$E$100,L3,$F$2:$F$100,"Done" ) -> 26 | O3: =IFERROR(N3/M3, 0) -> 1 | Q3: =IF(ISNUMBER(Q2),IF(Q2-$J$3<$J$4,Q2+1,""),"") -> 46101 | R3: =SUMIFS($C$2:$C$100,$G$2:$G$100,Q3,$F$2:$F$100,"Done") -> 8 | S3: =SUM($R$2:R3) -> 18 | T3: =IF(AND(ISNUMBER(Q3),Q3<=TODAY()),$M$10-S3,"") -> 80 | U3: =IF(ISNUMBER(Q3),MAX(U2-$J$5,0),"") -> 91
A4: US-26 | B4: Write and execute test cases for all sprints, document results | C4: 8 | D4: 8 | E4: Abdullah Waleed bin Maneea | F4: Done | G4: 46102 | I4: Sprint Length | J4: 14 | L4: ='Team Members'!A3 -> Abdullah Yousef aldhayan | M4: =SUMIF($E$2:$E$100,L4,$C$2:$C$100) -> 24 | N4: =SUMIFS($C$2:$C$100, $E$2:$E$100,L4,$F$2:$F$100,"Done" ) -> 24 | O4: =IFERROR(N4/M4, 0) -> 1 | Q4: =IF(ISNUMBER(Q3),IF(Q3-$J$3<$J$4,Q3+1,""),"") -> 46102 | R4: =SUMIFS($C$2:$C$100,$G$2:$G$100,Q4,$F$2:$F$100,"Done") -> 8 | S4: =SUM($R$2:R4) -> 26 | T4: =IF(AND(ISNUMBER(Q4),Q4<=TODAY()),$M$10-S4,"") -> 72 | U4: =IF(ISNUMBER(Q4),MAX(U3-$J$5,0),"") -> 84
A5: US-19 | B5: Implement ticket cancellation and booking confirmation generation | C5: 8 | D5: 8 | E5: Abdullah Yousef aldhayan | F5: Done | G5: 46104 | I5: Hours Per Day: | J5: =SUM($C$2:$C$100)/$J$4 -> 7 | L5: ='Team Members'!A4 -> Abdullah Ibrahim aloud | M5: =SUMIF($E$2:$E$100,L5,$C$2:$C$100) -> 22 | N5: =SUMIFS($C$2:$C$100, $E$2:$E$100,L5,$F$2:$F$100,"Done" ) -> 22 | O5: =IFERROR(N5/M5, 0) -> 1 | Q5: =IF(ISNUMBER(Q4),IF(Q4-$J$3<$J$4,Q4+1,""),"") -> 46103 | R5: =SUMIFS($C$2:$C$100,$G$2:$G$100,Q5,$F$2:$F$100,"Done") -> 0 | S5: =SUM($R$2:R5) -> 26 | T5: =IF(AND(ISNUMBER(Q5),Q5<=TODAY()),$M$10-S5,"") -> 72 | U5: =IF(ISNUMBER(Q5),MAX(U4-$J$5,0),"") -> 77
A6: US-22 | B6: Implement booking reports and revenue analytics with export | C6: 10 | D6: 10 | E6: Abdullah Yousef aldhayan | F6: Done | G6: 46105 | L6: ='Team Members'!A5 -> Fahad Ali alghubayshi | M6: =SUMIF($E$2:$E$100,L6,$C$2:$C$100) -> 26 | N6: =SUMIFS($C$2:$C$100, $E$2:$E$100,L6,$F$2:$F$100,"Done" ) -> 26 | O6: =IFERROR(N6/M6, 0) -> 1 | Q6: =IF(ISNUMBER(Q5),IF(Q5-$J$3<$J$4,Q5+1,""),"") -> 46104 | R6: =SUMIFS($C$2:$C$100,$G$2:$G$100,Q6,$F$2:$F$100,"Done") -> 8 | S6: =SUM($R$2:R6) -> 34 | T6: =IF(AND(ISNUMBER(Q6),Q6<=TODAY()),$M$10-S6,"") -> 64 | U6: =IF(ISNUMBER(Q6),MAX(U5-$J$5,0),"") -> 70
A7: US-28 | B7: Prepare and deliver final PowerPoint presentation | C7: 6 | D7: 6 | E7: Abdullah Yousef aldhayan | F7: Done | G7: 46106 | Q7: =IF(ISNUMBER(Q6),IF(Q6-$J$3<$J$4,Q6+1,""),"") -> 46105 | R7: =SUMIFS($C$2:$C$100,$G$2:$G$100,Q7,$F$2:$F$100,"Done") -> 10 | S7: =SUM($R$2:R7) -> 44 | T7: =IF(AND(ISNUMBER(Q7),Q7<=TODAY()),$M$10-S7,"") -> 54 | U7: =IF(ISNUMBER(Q7),MAX(U6-$J$5,0),"") -> 63
A8: US-20 | B8: Implement passenger booking history view | C8: 6 | D8: 6 | E8: Abdullah Ibrahim aloud | F8: Done | G8: 46107 | Q8: =IF(ISNUMBER(Q7),IF(Q7-$J$3<$J$4,Q7+1,""),"") -> 46106 | R8: =SUMIFS($C$2:$C$100,$G$2:$G$100,Q8,$F$2:$F$100,"Done") -> 6 | S8: =SUM($R$2:R8) -> 50 | T8: =IF(AND(ISNUMBER(Q8),Q8<=TODAY()),$M$10-S8,"") -> 48 | U8: =IF(ISNUMBER(Q8),MAX(U7-$J$5,0),"") -> 56
A9: US-23 | B9: Implement data validation and database integrity constraints | C9: 8 | D9: 8 | E9: Abdullah Ibrahim aloud | F9: Done | G9: 46108 | Q9: =IF(ISNUMBER(Q8),IF(Q8-$J$3<$J$4,Q8+1,""),"") -> 46107 | R9: =SUMIFS($C$2:$C$100,$G$2:$G$100,Q9,$F$2:$F$100,"Done") -> 6 | S9: =SUM($R$2:R9) -> 56 | T9: =IF(AND(ISNUMBER(Q9),Q9<=TODAY()),$M$10-S9,"") -> 42 | U9: =IF(ISNUMBER(Q9),MAX(U8-$J$5,0),"") -> 49
A10: US-27 | B10: Publish GitHub first release, add collaborators, verify it runs | C10: 8 | D10: 8 | E10: Abdullah Ibrahim aloud | F10: Done | G10: 46109 | L10: Total: | M10: =SUM(M3:M6) -> 98 | N10: =SUM(N3:N6) -> 98 | O10: =IFERROR(N10/M10, 0) -> 1 | Q10: =IF(ISNUMBER(Q9),IF(Q9-$J$3<$J$4,Q9+1,""),"") -> 46108 | R10: =SUMIFS($C$2:$C$100,$G$2:$G$100,Q10,$F$2:$F$100,"Done") -> 8 | S10: =SUM($R$2:R10) -> 64 | T10: =IF(AND(ISNUMBER(Q10),Q10<=TODAY()),$M$10-S10,"") -> 34 | U10: =IF(ISNUMBER(Q10),MAX(U9-$J$5,0),"") -> 42
A11: US-24 | B11: Deploy web/mobile app on cloud with auto-scaling and SLA | C11: 10 | D11: 10 | E11: Fahad Ali alghubayshi | F11: Done | G11: 46111 | Q11: =IF(ISNUMBER(Q10),IF(Q10-$J$3<$J$4,Q10+1,""),"") -> 46109 | R11: =SUMIFS($C$2:$C$100,$G$2:$G$100,Q11,$F$2:$F$100,"Done") -> 8 | S11: =SUM($R$2:R11) -> 72 | T11: =IF(AND(ISNUMBER(Q11),Q11<=TODAY()),$M$10-S11,"") -> 26 | U11: =IF(ISNUMBER(Q11),MAX(U10-$J$5,0),"") -> 35
A12: US-25 | B12: Implement automated backup and recovery (30-day retention) | C12: 8 | D12: 8 | E12: Fahad Ali alghubayshi | F12: Done | G12: 46112 | Q12: =IF(ISNUMBER(Q11),IF(Q11-$J$3<$J$4,Q11+1,""),"") -> 46110 | R12: =SUMIFS($C$2:$C$100,$G$2:$G$100,Q12,$F$2:$F$100,"Done") -> 0 | S12: =SUM($R$2:R12) -> 72 | T12: =IF(AND(ISNUMBER(Q12),Q12<=TODAY()),$M$10-S12,"") -> 26 | U12: =IF(ISNUMBER(Q12),MAX(U11-$J$5,0),"") -> 28
A13: US-14 | B13: Implement seat capacity and class-based pricing per schedule | C13: 8 | D13: 8 | E13: Fahad Ali alghubayshi | F13: Done | G13: 46113 | Q13: =IF(ISNUMBER(Q12),IF(Q12-$J$3<$J$4,Q12+1,""),"") -> 46111 | R13: =SUMIFS($C$2:$C$100,$G$2:$G$100,Q13,$F$2:$F$100,"Done") -> 10 | S13: =SUM($R$2:R13) -> 82 | T13: =IF(AND(ISNUMBER(Q13),Q13<=TODAY()),$M$10-S13,"") -> 16 | U13: =IF(ISNUMBER(Q13),MAX(U12-$J$5,0),"") -> 21
Q14: =IF(ISNUMBER(Q13),IF(Q13-$J$3<$J$4,Q13+1,""),"") -> 46112 | R14: =SUMIFS($C$2:$C$100,$G$2:$G$100,Q14,$F$2:$F$100,"Done") -> 8 | S14: =SUM($R$2:R14) -> 90 | T14: =IF(AND(ISNUMBER(Q14),Q14<=TODAY()),$M$10-S14,"") -> 8 | U14: =IF(ISNUMBER(Q14),MAX(U13-$J$5,0),"") -> 14
Q15: =IF(ISNUMBER(Q14),IF(Q14-$J$3<$J$4,Q14+1,""),"") -> 46113 | R15: =SUMIFS($C$2:$C$100,$G$2:$G$100,Q15,$F$2:$F$100,"Done") -> 8 | S15: =SUM($R$2:R15) -> 98 | T15: =IF(AND(ISNUMBER(Q15),Q15<=TODAY()),$M$10-S15,"") -> 0 | U15: =IF(ISNUMBER(Q15),MAX(U14-$J$5,0),"") -> 7
Q16: =IF(ISNUMBER(Q15),IF(Q15-$J$3<$J$4,Q15+1,""),"") -> 46114 | R16: =SUMIFS($C$2:$C$100,$G$2:$G$100,Q16,$F$2:$F$100,"Done") -> 0 | S16: =SUM($R$2:R16) -> 98 | T16: =IF(AND(ISNUMBER(Q16),Q16<=TODAY()),$M$10-S16,"") -> 0 | U16: =IF(ISNUMBER(Q16),MAX(U15-$J$5,0),"") -> 0
Q17: =IF(ISNUMBER(Q16),IF(Q16-$J$3<$J$4,Q16+1,""),"") | R17: =SUMIFS($C$2:$C$100,$G$2:$G$100,Q17,$F$2:$F$100,"Done") -> 0 | S17: =SUM($R$2:R17) -> 98 | T17: =IF(AND(ISNUMBER(Q17),Q17<=TODAY()),$M$10-S17,"") | U17: =IF(ISNUMBER(Q17),MAX(U16-$J$5,0),"")
Q18: =IF(ISNUMBER(Q17),IF(Q17-$J$3<$J$4,Q17+1,""),"") | R18: =SUMIFS($C$2:$C$100,$G$2:$G$100,Q18,$F$2:$F$100,"Done") -> 0 | S18: =SUM($R$2:R18) -> 98 | T18: =IF(AND(ISNUMBER(Q18),Q18<=TODAY()),$M$10-S18,"") | U18: =IF(ISNUMBER(Q18),MAX(U17-$J$5,0),"")
Q19: =IF(ISNUMBER(Q18),IF(Q18-$J$3<$J$4,Q18+1,""),"") | R19: =SUMIFS($C$2:$C$100,$G$2:$G$100,Q19,$F$2:$F$100,"Done") -> 0 | S19: =SUM($R$2:R19) -> 98 | T19: =IF(AND(ISNUMBER(Q19),Q19<=TODAY()),$M$10-S19,"") | U19: =IF(ISNUMBER(Q19),MAX(U18-$J$5,0),"")
Q20: =IF(ISNUMBER(Q19),IF(Q19-$J$3<$J$4,Q19+1,""),"") | R20: =SUMIFS($C$2:$C$100,$G$2:$G$100,Q20,$F$2:$F$100,"Done") -> 0 | S20: =SUM($R$2:R20) -> 98 | T20: =IF(AND(ISNUMBER(Q20),Q20<=TODAY()),$M$10-S20,"") | U20: =IF(ISNUMBER(Q20),MAX(U19-$J$5,0),"")
Q21: =IF(ISNUMBER(Q20),IF(Q20-$J$3<$J$4,Q20+1,""),"") | R21: =SUMIFS($C$2:$C$100,$G$2:$G$100,Q21,$F$2:$F$100,"Done") -> 0 | S21: =SUM($R$2:R21) -> 98 | T21: =IF(AND(ISNUMBER(Q21),Q21<=TODAY()),$M$10-S21,"") | U21: =IF(ISNUMBER(Q21),MAX(U20-$J$5,0),"")
Q22: =IF(ISNUMBER(Q21),IF(Q21-$J$3<$J$4,Q21+1,""),"") | R22: =SUMIFS($C$2:$C$100,$G$2:$G$100,Q22,$F$2:$F$100,"Done") -> 0 | S22: =SUM($R$2:R22) -> 98 | T22: =IF(AND(ISNUMBER(Q22),Q22<=TODAY()),$M$10-S22,"") | U22: =IF(ISNUMBER(Q22),MAX(U21-$J$5,0),"")
Q23: =IF(ISNUMBER(Q22),IF(Q22-$J$3<$J$4,Q22+1,""),"") | R23: =SUMIFS($C$2:$C$100,$G$2:$G$100,Q23,$F$2:$F$100,"Done") -> 0 | S23: =SUM($R$2:R23) -> 98 | T23: =IF(AND(ISNUMBER(Q23),Q23<=TODAY()),$M$10-S23,"") | U23: =IF(ISNUMBER(Q23),MAX(U22-$J$5,0),"")
Q24: =IF(ISNUMBER(Q23),IF(Q23-$J$3<$J$4,Q23+1,""),"") | R24: =SUMIFS($C$2:$C$100,$G$2:$G$100,Q24,$F$2:$F$100,"Done") -> 0 | S24: =SUM($R$2:R24) -> 98 | T24: =IF(AND(ISNUMBER(Q24),Q24<=TODAY()),$M$10-S24,"") | U24: =IF(ISNUMBER(Q24),MAX(U23-$J$5,0),"")
Q25: =IF(ISNUMBER(Q24),IF(Q24-$J$3<$J$4,Q24+1,""),"") | R25: =SUMIFS($C$2:$C$100,$G$2:$G$100,Q25,$F$2:$F$100,"Done") -> 0 | S25: =SUM($R$2:R25) -> 98 | T25: =IF(AND(ISNUMBER(Q25),Q25<=TODAY()),$M$10-S25,"") | U25: =IF(ISNUMBER(Q25),MAX(U24-$J$5,0),"")
... Q100: =IF(ISNUMBER(Q99),IF(Q99-$J$3<$J$4,Q99+1,""),"") | R100: =SUMIFS($C$2:$C$100,$G$2:$G$100,Q100,$F$2:$F$100,"Done") -> 0 | S100: =SUM($R$2:R100) -> 98 | T100: =IF(AND(ISNUMBER(Q100),Q100<=TODAY()),$M$10-S100,"") | U100: =IF(ISNUMBER(Q100),MAX(U99-$J$5,0),"")

Sheet Sprint Template (Make a copy!)
A1: User Story ID | B1: Task | C1: Expected Hours | D1: Actual Hours | E1: Person | F1: Status | G1: Date Completed | Q1: Chart Dates | R1: Completed Hours On Date | S1: Current Completed Work | T1: Current Remaining Work | U1: Ideal Remaining Work
A2: S1 | B2: Brief description | F2: To Do | I2: Sprint Number: | J2: 0 | L2: Person | M2: Hours Assigned | N2: Hours Completed | O2: Percentage Complete | Q2: =J3 -> 43554 | R2: =SUMIFS($C$2:$C$100,$G$2:$G$100,Q2,$F$2:$F$100,"Done") -> 0 | S2: =R2 -> 0 | T2: =IF(AND(ISNUMBER(Q2),Q2<=TODAY()),$M$10-S2,"") -> 0 | U2: =$M$10 -> 0
F3: To Do | I3: Start Date: | J3: 43554 | L3: ='Team Members'!A2 -> Abdullah Waleed bin Maneea | M3: =SUMIF($E$2:$E$100,L3,$C$2:$C$100) -> 0 | N3: =SUMIFS($C$2:$C$100, $E$2:$E$100,L3,$F$2:$F$100,"Done" ) -> 0 | O3: =IFERROR(N3/M3, 0) -> 0 | Q3: =IF(ISNUMBER(Q2),IF(Q2-$J$3<$J$4,Q2+1,""),"") -> 43555 | R3: =SUMIFS($C$2:$C$100,$G$2:$G$100,Q3,$F$2:$F$100,"Done") -> 0 | S3: =SUM($R$2:R3) -> 0 | T3: =IF(AND(ISNUMBER(Q3),Q3<=TODAY()),$M$10-S3,"") -> 0 | U3: =IF(ISNUMBER(Q3),MAX(U2-$J$5,0),"") -> 0
F4: To Do | I4: Sprint Length | J4: 14 | L4: ='Team Members'!A3 -> Abdullah Yousef aldhayan | M4: =SUMIF($E$2:$E$100,L4,$C$2:$C$100) -> 0 | N4: =SUMIFS($C$2:$C$100, $E$2:$E$100,L4,$F$2:$F$100,"Done" ) -> 0 | O4: =IFERROR(N4/M4, 0) -> 0 | Q4: =IF(ISNUMBER(Q3),IF(Q3-$J$3<$J$4,Q3+1,""),"") -> 43556 | R4: =SUMIFS($C$2:$C$100,$G$2:$G$100,Q4,$F$2:$F$100,"Done") -> 0 | S4: =SUM($R$2:R4) -> 0 | T4: =IF(AND(ISNUMBER(Q4),Q4<=TODAY()),$M$10-S4,"") -> 0 | U4: =IF(ISNUMBER(Q4),MAX(U3-$J$5,0),"") -> 0
F5: To Do | I5: Hours Per Day: | J5: =SUM($C$2:$C$100)/$J$4 -> 0 | L5: ='Team Members'!A4 -> Abdullah Ibrahim aloud | M5: =SUMIF($E$2:$E$100,L5,$C$2:$C$100) -> 0 | N5: =SUMIFS($C$2:$C$100, $E$2:$E$100,L5,$F$2:$F$100,"Done" ) -> 0 | O5: =IFERROR(N5/M5, 0) -> 0 | Q5: =IF(ISNUMBER(Q4),IF(Q4-$J$3<$J$4,Q4+1,""),"") -> 43557 | R5: =SUMIFS($C$2:$C$100,$G$2:$G$100,Q5,$F$2:$F$100,"Done") -> 0 | S5: =SUM($R$2:R5) -> 0 | T5: =IF(AND(ISNUMBER(Q5),Q5<=TODAY()),$M$10-S5,"") -> 0 | U5: =IF(ISNUMBER(Q5),MAX(U4-$J$5,0),"") -> 0
F6: To Do | L6: ='Team Members'!A5 -> Fahad Ali alghubayshi | M6: =SUMIF($E$2:$E$100,L6,$C$2:$C$100) -> 0 | N6: =SUMIFS($C$2:$C$100, $E$2:$E$100,L6,$F$2:$F$100,"Done" ) -> 0 | O6: =IFERROR(N6/M6, 0) -> 0 | Q6: =IF(ISNUMBER(Q5),IF(Q5-$J$3<$J$4,Q5+1,""),"") -> 43558 | R6: =SUMIFS($C$2:$C$100,$G$2:$G$100,Q6,$F$2:$F$100,"Done") -> 0 | S6: =SUM($R$2:R6) -> 0 | T6: =IF(AND(ISNUMBER(Q6),Q6<=TODAY()),$M$10-S6,"") -> 0 | U6: =IF(ISNUMBER(Q6),MAX(U5-$J$5,0),"") -> 0
F7: To Do | Q7: =IF(ISNUMBER(Q6),IF(Q6-$J$3<$J$4,Q6+1,""),"") -> 43559 | R7: =SUMIFS($C$2:$C$100,$G$2:$G$100,Q7,$F$2:$F$100,"Done") -> 0 | S7: =SUM($R$2:R7) -> 0 | T7: =IF(AND(ISNUMBER(Q7),Q7<=TODAY()),$M$10-S7,"") -> 0 | U7: =IF(ISNUMBER(Q7),MAX(U6-$J$5,0),"") -> 0
F8: To Do | Q8: =IF(ISNUMBER(Q7),IF(Q7-$J$3<$J$4,Q7+1,""),"") -> 43560 | R8: =SUMIFS($C$2:$C$100,$G$2:$G$100,Q8,$F$2:$F$100,"Done") -> 0 | S8: =SUM($R$2:R8) -> 0 | T8: =IF(AND(ISNUMBER(Q8),Q8<=TODAY()),$M$10-S8,"") -> 0 | U8: =IF(ISNUMBER(Q8),MAX(U7-$J$5,0),"") -> 0
F9: To Do | Q9: =IF(ISNUMBER(Q8),IF(Q8-$J$3<$J$4,Q8+1,""),"") -> 43561 | R9: =SUMIFS($C$2:$C$100,$G$2:$G$100,Q9,$F$2:$F$100,"Done") -> 0 | S9: =SUM($R$2:R9) -> 0 | T9: =IF(AND(ISNUMBER(Q9),Q9<=TODAY()),$M$10-S9,"") -> 0 | U9: =IF(ISNUMBER(Q9),MAX(U8-$J$5,0),"") -> 0
F10: To Do | L10: Total: | M10: =SUM(M3:M6) -> 0 | N10: =SUM(N3:N6) -> 0 | O10: =IFERROR(N10/M10, 0) -> 0 | Q10: =IF(ISNUMBER(Q9),IF(Q9-$J$3<$J$4,Q9+1,""),"") -> 43562 | R10: =SUMIFS($C$2:$C$100,$G$2:$G$100,Q10,$F$2:$F$100,"Done") -> 0 | S10: =SUM($R$2:R10) -> 0 | T10: =IF(AND(ISNUMBER(Q10),Q10<=TODAY()),$M$10-S10,"") -> 0 | U10: =IF(ISNUMBER(Q10),MAX(U9-$J$5,0),"") -> 0
F11: To Do | Q11: =IF(ISNUMBER(Q10),IF(Q10-$J$3<$J$4,Q10+1,""),"") -> 43563 | R11: =SUMIFS($C$2:$C$100,$G$2:$G$100,Q11,$F$2:$F$100,"Done") -> 0 | S11: =SUM($R$2:R11) -> 0 | T11: =IF(AND(ISNUMBER(Q11),Q11<=TODAY()),$M$10-S11,"") -> 0 | U11: =IF(ISNUMBER(Q11),MAX(U10-$J$5,0),"") -> 0
F12: To Do | Q12: =IF(ISNUMBER(Q11),IF(Q11-$J$3<$J$4,Q11+1,""),"") -> 43564 | R12: =SUMIFS($C$2:$C$100,$G$2:$G$100,Q12,$F$2:$F$100,"Done") -> 0 | S12: =SUM($R$2:R12) -> 0 | T12: =IF(AND(ISNUMBER(Q12),Q12<=TODAY()),$M$10-S12,"") -> 0 | U12: =IF(ISNUMBER(Q12),MAX(U11-$J$5,0),"") -> 0
F13: To Do | Q13: =IF(ISNUMBER(Q12),IF(Q12-$J$3<$J$4,Q12+1,""),"") -> 43565 | R13: =SUMIFS($C$2:$C$100,$G$2:$G$100,Q13,$F$2:$F$100,"Done") -> 0 | S13: =SUM($R$2:R13) -> 0 | T13: =IF(AND(ISNUMBER(Q13),Q13<=TODAY()),$M$10-S13,"") -> 0 | U13: =IF(ISNUMBER(Q13),MAX(U12-$J$5,0),"") -> 0
F14: To Do | Q14: =IF(ISNUMBER(Q13),IF(Q13-$J$3<$J$4,Q13+1,""),"") -> 43566 | R14: =SUMIFS($C$2:$C$100,$G$2:$G$100,Q14,$F$2:$F$100,"Done") -> 0 | S14: =SUM($R$2:R14) -> 0 | T14: =IF(AND(ISNUMBER(Q14),Q14<=TODAY()),$M$10-S14,"") -> 0 | U14: =IF(ISNUMBER(Q14),MAX(U13-$J$5,0),"") -> 0
F15: To Do | Q15: =IF(ISNUMBER(Q14),IF(Q14-$J$3<$J$4,Q14+1,""),"") -> 43567 | R15: =SUMIFS($C$2:$C$100,$G$2:$G$100,Q15,$F$2:$F$100,"Done") -> 0 | S15: =SUM($R$2:R15) -> 0 | T15: =IF(AND(ISNUMBER(Q15),Q15<=TODAY()),$M$10-S15,"") -> 0 | U15: =IF(ISNUMBER(Q15),MAX(U14-$J$5,0),"") -> 0
F16: To Do | Q16: =IF(ISNUMBER(Q15),IF(Q15-$J$3<$J$4,Q15+1,""),"") -> 43568 | R16: =SUMIFS($C$2:$C$100,$G$2:$G$100,Q16,$F$2:$F$100,"Done") -> 0 | S16: =SUM($R$2:R16) -> 0 | T16: =IF(AND(ISNUMBER(Q16),Q16<=TODAY()),$M$10-S16,"") -> 0 | U16: =IF(ISNUMBER(Q16),MAX(U15-$J$5,0),"") -> 0
F17: To Do | Q17: =IF(ISNUMBER(Q16),IF(Q16-$J$3<$J$4,Q16+1,""),"") | R17: =SUMIFS($C$2:$C$100,$G$2:$G$100,Q17,$F$2:$F$100,"Done") -> 0 | S17: =SUM($R$2:R17) -> 0 | T17: =IF(AND(ISNUMBER(Q17),Q17<=TODAY()),$M$10-S17,"") | U17: =IF(ISNUMBER(Q17),MAX(U16-$J$5,0),"")
F18: To Do | Q18: =IF(ISNUMBER(Q17),IF(Q17-$J$3<$J$4,Q17+1,""),"") | R18: =SUMIFS($C$2:$C$100,$G$2:$G$100,Q18,$F$2:$F$100,"Done") -> 0 | S18: =SUM($R$2:R18) -> 0 | T18: =IF(AND(ISNUMBER(Q18),Q18<=TODAY()),$M$10-S18,"") | U18: =IF(ISNUMBER(Q18),MAX(U17-$J$5,0),"")
F19: To Do | Q19: =IF(ISNUMBER(Q18),IF(Q18-$J$3<$J$4,Q18+1,""),"") | R19: =SUMIFS($C$2:$C$100,$G$2:$G$100,Q19,$F$2:$F$100,"Done") -> 0 | S19: =SUM($R$2:R19) -> 0 | T19: =IF(AND(ISNUMBER(Q19),Q19<=TODAY()),$M$10-S19,"") | U19: =IF(ISNUMBER(Q19),MAX(U18-$J$5,0),"")
F20: To Do | Q20: =IF(ISNUMBER(Q19),IF(Q19-$J$3<$J$4,Q19+1,""),"") | R20: =SUMIFS($C$2:$C$100,$G$2:$G$100,Q20,$F$2:$F$100,"Done") -> 0 | S20: =SUM($R$2:R20) -> 0 | T20: =IF(AND(ISNUMBER(Q20),Q20<=TODAY()),$M$10-S20,"") | U20: =IF(ISNUMBER(Q20),MAX(U19-$J$5,0),"")
F21: To Do | Q21: =IF(ISNUMBER(Q20),IF(Q20-$J$3<$J$4,Q20+1,""),"") | R21: =SUMIFS($C$2:$C$100,$G$2:$G$100,Q21,$F$2:$F$100,"Done") -> 0 | S21: =SUM($R$2:R21) -> 0 | T21: =IF(AND(ISNUMBER(Q21),Q21<=TODAY()),$M$10-S21,"") | U21: =IF(ISNUMBER(Q21),MAX(U20-$J$5,0),"")
F22: To Do | Q22: =IF(ISNUMBER(Q21),IF(Q21-$J$3<$J$4,Q21+1,""),"") | R22: =SUMIFS($C$2:$C$100,$G$2:$G$100,Q22,$F$2:$F$100,"Done") -> 0 | S22: =SUM($R$2:R22) -> 0 | T22: =IF(AND(ISNUMBER(Q22),Q22<=TODAY()),$M$10-S22,"") | U22: =IF(ISNUMBER(Q22),MAX(U21-$J$5,0),"")
... F100: To Do | Q100: =IF(ISNUMBER(Q99),IF(Q99-$J$3<$J$4,Q99+1,""),"") | R100: =SUMIFS($C$2:$C$100,$G$2:$G$100,Q100,$F$2:$F$100,"Done") -> 0 | S100: =SUM($R$2:R100) -> 0 | T100: =IF(AND(ISNUMBER(Q100),Q100<=TODAY()),$M$10-S100,"") | U100: =IF(ISNUMBER(Q100),MAX(U99-$J$5,0),"")
